Банк;Номер лицензии банка;Место в рейтинге;Дата отчёта;Наименование статей;Символы;Суммы в рублях от операций в рублях;Суммы в рублях от операций в ин. валюте и драг. металлах;Всего
Райффайзен Банк;3292;10;2016-01-01;Минфину  России;11101;0;0;0
Райффайзен Банк;3292;10;2016-01-01;Финансовым органам субъектов Российской Федерации и органов местного самоуправления;11102;64;0;64
Райффайзен Банк;3292;10;2016-01-01;Государственным внебюджетным фондам Российской Федерации;11103;0;0;0
Райффайзен Банк;3292;10;2016-01-01;Внебюджетным фондам субъектов Российской Федерации и органов местного самоуправления;11104;0;0;0
Райффайзен Банк;3292;10;2016-01-01;Финансовым организациям, находящимся в федеральной собственности;11105;0;0;0
Райффайзен Банк;3292;10;2016-01-01;Коммерческим организациям, находящимся в федеральной собственности;11106;0;0;0
Райффайзен Банк;3292;10;2016-01-01;Некоммерческим организациям, находящимся в федеральной собственности;11107;7840;0;7840
Райффайзен Банк;3292;10;2016-01-01;Финансовым организациям, находящимся в государственной (кроме федеральной) собственности;11108;0;0;0
Райффайзен Банк;3292;10;2016-01-01;Коммерческим организациям, находящимся в государственной (кроме федеральной) собственности;11109;0;0;0
Райффайзен Банк;3292;10;2016-01-01;Некоммерческим организациям, находящимся в государственной (кроме федеральной) собственности;11110;0;0;0
Райффайзен Банк;3292;10;2016-01-01;Негосударственным финансовым организациям;11111;336094;264326;600420
Райффайзен Банк;3292;10;2016-01-01;Негосударственным коммерческим организациям;11112;14702626;9026344;23728970
Райффайзен Банк;3292;10;2016-01-01;Негосударственным некоммерческим организациям;11113;12053;0;12053
Райффайзен Банк;3292;10;2016-01-01;Индивидуальным предпринимателям;11114;1234518;1658;1236176
Райффайзен Банк;3292;10;2016-01-01;Гражданам (физическим лицам);11115;28650352;2151262;30801614
Райффайзен Банк;3292;10;2016-01-01;Юридическим лицам-нерезидентам;11116;1139374;2459540;3598914
Райффайзен Банк;3292;10;2016-01-01;Физическим лицам-нерезидентам;11117;86008;39252;125260
Райффайзен Банк;3292;10;2016-01-01;Кредитным организациям;11118;430359;0;430359
Райффайзен Банк;3292;10;2016-01-01;Банкам-нерезидентам;11119;5004;53031;58035
Райффайзен Банк;3292;10;2016-01-01;Минфине России;11201;0;0;0
Райффайзен Банк;3292;10;2016-01-01;Финансовых органах субъектов Российской Федерации и органов местного самоуправления;11202;0;0;0
Райффайзен Банк;3292;10;2016-01-01;Государственных внебюджетных фондах Российской Федерации;11203;0;0;0
Райффайзен Банк;3292;10;2016-01-01;Внебюджетных фондах субъектов Российской Федерации и органов местного самоуправления;11204;0;0;0
Райффайзен Банк;3292;10;2016-01-01;Финансовых организациях, находящихся в федеральной собственности;11205;0;0;0
Райффайзен Банк;3292;10;2016-01-01;Коммерческих организациях, находящихся в федеральной собственности;11206;0;0;0
Райффайзен Банк;3292;10;2016-01-01;Некоммерческих организациях, находящихся в федеральной собственности;11207;0;0;0
Райффайзен Банк;3292;10;2016-01-01;Финансовых организациях, находящихся в государственной (кроме федеральной) собственности;11208;0;0;0
Райффайзен Банк;3292;10;2016-01-01;Коммерческих организациях, находящихся в государственной (кроме федеральной) собственности;11209;0;0;0
Райффайзен Банк;3292;10;2016-01-01;Некоммерческими организациях, находящихся в государственной (кроме федеральной) собственности;11210;0;0;0
Райффайзен Банк;3292;10;2016-01-01;Негосударственных финансовых организациях;11211;221962;24217;246179
Райффайзен Банк;3292;10;2016-01-01;Негосударственных коммерческих организациях;11212;280;0;280
Райффайзен Банк;3292;10;2016-01-01;Негосударственных некоммерческих организациях;11213;0;0;0
Райффайзен Банк;3292;10;2016-01-01;Юридических лицах-нерезидентах;11214;0;3643;3643
Райффайзен Банк;3292;10;2016-01-01;Кредитных организациях;11215;1002389;36140;1038529
Райффайзен Банк;3292;10;2016-01-01;Банках-нерезидентах;11216;0;73127;73127
Райффайзен Банк;3292;10;2016-01-01;В Банке России;11217;0;0;0
Райффайзен Банк;3292;10;2016-01-01;В Банке России;11301;0;0;0
Райффайзен Банк;3292;10;2016-01-01;В кредитных организациях;11302;500;1458;1958
Райффайзен Банк;3292;10;2016-01-01;В банках-нерезидентах;11303;0;4376;4376
Райффайзен Банк;3292;10;2016-01-01;В Банке России;11401;177418;0;177418
Райффайзен Банк;3292;10;2016-01-01;В кредитных организациях;11402;51132;0;51132
Райффайзен Банк;3292;10;2016-01-01;В банках-нерезидентах;11403;3055;261256;264311
Райффайзен Банк;3292;10;2016-01-01;Российской Федерации;11501;887136;2067;889203
Райффайзен Банк;3292;10;2016-01-01;Субъектов Российской Федерации и органов местного самоуправления;11502;69106;0;69106
Райффайзен Банк;3292;10;2016-01-01;Банка России;11503;0;0;0
Райффайзен Банк;3292;10;2016-01-01;Кредитных организаций;11504;269498;6453;275951
Райффайзен Банк;3292;10;2016-01-01;Прочие долговые обязательства;11505;842756;0;842756
Райффайзен Банк;3292;10;2016-01-01;Иностранных государств;11506;0;3247;3247
Райффайзен Банк;3292;10;2016-01-01;Банков-нерезидентов;11507;435430;23792;459222
Райффайзен Банк;3292;10;2016-01-01;Прочие долговые обязательства нерезидентов;11508;343675;228174;571849
Райффайзен Банк;3292;10;2016-01-01;Органов федеральной власти;11601;0;0;0
Райффайзен Банк;3292;10;2016-01-01;Органов власти субъектов Российской Федерации и органов местного самоуправления;11602;0;0;0
Райффайзен Банк;3292;10;2016-01-01;Кредитных организаций;11603;0;0;0
Райффайзен Банк;3292;10;2016-01-01;Векселям прочих резидентов;11604;0;0;0
Райффайзен Банк;3292;10;2016-01-01;Органов государственной власти иностранных государств;11605;0;0;0
Райффайзен Банк;3292;10;2016-01-01;Органов местной власти иностранных государств;11606;0;0;0
Райффайзен Банк;3292;10;2016-01-01;Банков-нерезидентов;11607;0;0;0
Райффайзен Банк;3292;10;2016-01-01;Векселям прочих нерезидентов;11608;0;0;0
Райффайзен Банк;3292;10;2016-01-01;Вознаграждение за открытие и ведение банковских счетов;12101;1454179;33239;1487418
Райффайзен Банк;3292;10;2016-01-01;Вознаграждение за расчетное и кассовое обслуживание;12102;5314859;550693;5865552
Райффайзен Банк;3292;10;2016-01-01;Доходы от купли-продажи иностранной валюты в наличной и безналичной формах;12201;216696436;;216696436
Райффайзен Банк;3292;10;2016-01-01;Доходы от выдачи банковских гарантий и поручительств;12301;988282;211996;1200278
Райффайзен Банк;3292;10;2016-01-01;От погашения и реализации приобретенных прав требования;12401;240948;;240948
Райффайзен Банк;3292;10;2016-01-01;От операций по доверительному управлению имуществом;12402;48729;0;48729
Райффайзен Банк;3292;10;2016-01-01;От операций с драгоценными металлами и драгоценными камнями;12403;23716;;23716
Райффайзен Банк;3292;10;2016-01-01;От предоставления в аренду специальных помещений и сейфов для хранения документов и ценностей;12404;154689;0;154689
Райффайзен Банк;3292;10;2016-01-01;От операций финансовой аренды (лизинга);12405;0;0;0
Райффайзен Банк;3292;10;2016-01-01;От оказания консультационных и информационных услуг;12406;184995;138479;323474
Райффайзен Банк;3292;10;2016-01-01;от реализации (уступки) прав требования по заключенным кредитной организацией договорам на предоставление (размещение) денежных средств;12407;0;0;0
Райффайзен Банк;3292;10;2016-01-01;Российской Федерации;13101;3513289;;3513289
Райффайзен Банк;3292;10;2016-01-01;Субъектов Российской Федерации и органов местного самоуправления;13102;422;;422
Райффайзен Банк;3292;10;2016-01-01;Банка России;13103;0;;0
Райффайзен Банк;3292;10;2016-01-01;Кредитных организаций;13104;47122;;47122
Райффайзен Банк;3292;10;2016-01-01;Прочих ценных бумаг;13105;6391887;;6391887
Райффайзен Банк;3292;10;2016-01-01;Иностранных государств;13106;1083;;1083
Райффайзен Банк;3292;10;2016-01-01;Банков-нерезидентов;13107;678;;678
Райффайзен Банк;3292;10;2016-01-01;Прочих ценных бумаг нерезидентов;13108;42673;;42673
Райффайзен Банк;3292;10;2016-01-01;Доходы от операций с выпущенными ценными  бумагами;13201;0;0;0
Райффайзен Банк;3292;10;2016-01-01;Кредитных организаций;14101;2;0;2
Райффайзен Банк;3292;10;2016-01-01;Других организаций;14102;0;0;0
Райффайзен Банк;3292;10;2016-01-01;Банков-нерезидентов;14103;0;0;0
Райффайзен Банк;3292;10;2016-01-01;Других организаций-нерезидентов;14104;0;0;0
Райффайзен Банк;3292;10;2016-01-01;Кредитных организаций;14201;0;0;0
Райффайзен Банк;3292;10;2016-01-01;Других организаций;14202;0;0;0
Райффайзен Банк;3292;10;2016-01-01;Банков-нерезидентов;14203;0;0;0
Райффайзен Банк;3292;10;2016-01-01;Других организаций-нерезидентов;14204;0;0;0
Райффайзен Банк;3292;10;2016-01-01;Кредитных организациях;14301;0;0;0
Райффайзен Банк;3292;10;2016-01-01;Банках-нерезидентах;14302;0;0;0
Райффайзен Банк;3292;10;2016-01-01;Других организациях;14303;0;0;0
Райффайзен Банк;3292;10;2016-01-01;Других организациях-нерезидентах;14304;0;0;0
Райффайзен Банк;3292;10;2016-01-01;Кредитных организациях;14401;0;0;0
Райффайзен Банк;3292;10;2016-01-01;Банках-нерезидентах;14402;0;0;0
Райффайзен Банк;3292;10;2016-01-01;Других организациях;14403;550000;0;550000
Райффайзен Банк;3292;10;2016-01-01;Других организациях-нерезидентах;14404;0;0;0
Райффайзен Банк;3292;10;2016-01-01;Ценных бумаг (балансовый счет  №70602, при составлении годовой бухгалтерской (финансовой) отчетности - балансовый счет №70702);15101;1759037;;1759037
Райффайзен Банк;3292;10;2016-01-01;Средств в иностранной валюте (балансовый счет №70603, при составлении годовой бухгалтерской (финансовой) отчетности - балансовый счет №70703);15102;4053985579;;4053985579
Райффайзен Банк;3292;10;2016-01-01;Драгоценных металлов (балансовый счет №70604 при составлении годовой бухгалтерской (финансовой) отчетности - балансовый счет №70704);15103;13009;;13009
Райффайзен Банк;3292;10;2016-01-01;От изменения курса ценной бумаги;15201;0;;0
Райффайзен Банк;3292;10;2016-01-01;От изменения валютного курса;15202;192251;;192251
Райффайзен Банк;3292;10;2016-01-01;От изменения индекса цен;15203;0;;0
Райффайзен Банк;3292;10;2016-01-01;От изменения других переменных;15204;0;;0
Райффайзен Банк;3292;10;2016-01-01;Доходы от производных финансовых инструментов;16101;135712531;;135712531
Райффайзен Банк;3292;10;2016-01-01;За проведение операций с валютными ценностями;16201;0;0;0
Райффайзен Банк;3292;10;2016-01-01;От оказания посреднических услуг по брокерским и аналогичным договорам;16202;1021796;160374;1182170
Райффайзен Банк;3292;10;2016-01-01;По другим операциям;16203;6282151;2464591;8746742
Райффайзен Банк;3292;10;2016-01-01;От сдачи имущества в аренду;16301;77710;1817;79527
Райффайзен Банк;3292;10;2016-01-01;От выбытия (реализации) имущества;16302;78354;;78354
Райффайзен Банк;3292;10;2016-01-01;От дооценки основных средств после их уценки;16303;4268;;4268
Райффайзен Банк;3292;10;2016-01-01;От передачи активов в доверительное управление;16304;0;0;0
Райффайзен Банк;3292;10;2016-01-01;От восстановления сумм резервов на возможные потери, кроме резервов - оценочных обязательств некредитного характера;16305;128273374;;128273374
Райффайзен Банк;3292;10;2016-01-01;Прочие операционные доходы;16306;125920;25006;150926
Райффайзен Банк;3292;10;2016-01-01;По операциям привлечения и предоставления (размещения) денежных средств;17101;2221522;459017;2680539
Райффайзен Банк;3292;10;2016-01-01;По другим банковским операциям и сделкам;17102;2006;919;2925
Райффайзен Банк;3292;10;2016-01-01;По прочим (хозяйственным) операциям;17103;885;0;885
Райффайзен Банк;3292;10;2016-01-01;По операциям привлечения и предоставления (размещения) денежных средств;17201;19700;290;19990
Райффайзен Банк;3292;10;2016-01-01;По другим банковским операциям и сделкам;17202;17;1201;1218
Райффайзен Банк;3292;10;2016-01-01;По прочим (хозяйственным) операциям;17203;50403;0;50403
Райффайзен Банк;3292;10;2016-01-01;От безвозмездно полученного имущества;17301;0;0;0
Райффайзен Банк;3292;10;2016-01-01;Поступления в возмещение причененных убытков, в том числе страховое возмещение от страховщиков;17302;9091;0;9091
Райффайзен Банк;3292;10;2016-01-01;материальных ценностей;17303;0;0;0
Райффайзен Банк;3292;10;2016-01-01;денежной наличности;17304;17803;3249;21052
Райффайзен Банк;3292;10;2016-01-01;От списания обязательств и невостребованной кредиторской задолженности;17305;51536;6575;58111
Райффайзен Банк;3292;10;2016-01-01;Другие доходы;17306;1944211;256465;2200676
Райффайзен Банк;3292;10;2016-01-01;в том числе: от восстановления сумм резервов - оценочных обязательств некредитного характера;17307;684150;;684150
Райффайзен Банк;3292;10;2016-01-01;"Всего по Главе I ""Доходы""(разделы 1-7)";10000;4618405772;18977274;4637383046
Райффайзен Банк;3292;10;2016-01-01;Банка России;21101;2681469;7098;2688567
Райффайзен Банк;3292;10;2016-01-01;Кредитных организаций;21102;661113;0;661113
Райффайзен Банк;3292;10;2016-01-01;Банков-нерезидентов;21103;553;3333056;3333609
Райффайзен Банк;3292;10;2016-01-01;Других кредиторов;21104;0;0;0
Райффайзен Банк;3292;10;2016-01-01;Финансовых организаций, находящихся в федеральной собственности;21201;0;0;0
Райффайзен Банк;3292;10;2016-01-01;Коммерческих организаций, находящихся в федеральной собственности;21202;781;0;781
Райффайзен Банк;3292;10;2016-01-01;Некоммерческих организаций, находящихся в федеральной собственности;21203;0;0;0
Райффайзен Банк;3292;10;2016-01-01;Финансовых организаций, находящихся в государственной (кроме федеральной) собственности;21204;0;0;0
Райффайзен Банк;3292;10;2016-01-01;Коммерческих организаций, находящихся в государственной (кроме федеральной) собственности;21205;0;0;0
Райффайзен Банк;3292;10;2016-01-01;Некоммерческих организаций, находящихся в государственной (кроме федеральной) собственности;21206;0;0;0
Райффайзен Банк;3292;10;2016-01-01;Негосударственных финансовых организаций;21207;709079;78;709157
Райффайзен Банк;3292;10;2016-01-01;Негосударственных коммерческих организаций;21208;5129788;42497;5172285
Райффайзен Банк;3292;10;2016-01-01;Негосударственных некоммерческих организаций;21209;9379;8;9387
Райффайзен Банк;3292;10;2016-01-01;Кредитных организаций;21210;31499;0;31499
Райффайзен Банк;3292;10;2016-01-01;Банков-нерезидентов;21211;42275;0;42275
Райффайзен Банк;3292;10;2016-01-01;Индивидуальных предпринимателей;21212;1531;13;1544
Райффайзен Банк;3292;10;2016-01-01;Индивидуальных предпринимателей-нерезидентов;21213;0;0;0
Райффайзен Банк;3292;10;2016-01-01;Юридических лиц-нерезидентов;21214;215418;644;216062
Райффайзен Банк;3292;10;2016-01-01;Федерального казначейства;21301;21;0;21
Райффайзен Банк;3292;10;2016-01-01;Финансовых органов субъектов Российской Федерации и органов местного самоуправления;21302;1836922;0;1836922
Райффайзен Банк;3292;10;2016-01-01;Государственных внебюджетных фондов Российской Федерации;21303;0;0;0
Райффайзен Банк;3292;10;2016-01-01;Внебюджетных фондов субъектов Российской Федерации и органов местного самоуправления;21304;0;0;0
Райффайзен Банк;3292;10;2016-01-01;Финансовых организаций, находящихся в федеральной собственности;21305;0;0;0
Райффайзен Банк;3292;10;2016-01-01;Коммерческих организаций, находящихся в федеральной собственности;21306;2443;0;2443
Райффайзен Банк;3292;10;2016-01-01;Некоммерческих организаций, находящихся в федеральной собственности;21307;739;0;739
Райффайзен Банк;3292;10;2016-01-01;Финансовых организаций, находящихся в государственной (кроме федеральной) собственности;21308;0;0;0
Райффайзен Банк;3292;10;2016-01-01;Коммерческих организаций, находящихся в государственной (кроме федеральной) собственности;21309;613;0;613
Райффайзен Банк;3292;10;2016-01-01;Некоммерческих организаций, находящихся в государственной (кроме федеральной) собственности;21310;100743;0;100743
Райффайзен Банк;3292;10;2016-01-01;Негосударственных финансовых организаций;21311;1310328;169614;1479942
Райффайзен Банк;3292;10;2016-01-01;Негосударственных  коммерческих организаций;21312;4721113;172602;4893715
Райффайзен Банк;3292;10;2016-01-01;Негосударственных некоммерческих организаций;21313;2995;98;3093
Райффайзен Банк;3292;10;2016-01-01;Юридических лиц - нерезидентов;21314;150523;42094;192617
Райффайзен Банк;3292;10;2016-01-01;Кредитных организаций;21315;1578668;0;1578668
Райффайзен Банк;3292;10;2016-01-01;Банков-нерезидентов;21316;158920;293403;452323
Райффайзен Банк;3292;10;2016-01-01;Банка России;21317;0;0;0
Райффайзен Банк;3292;10;2016-01-01;Минфина России;21401;0;0;0
Райффайзен Банк;3292;10;2016-01-01;Финансовых органов субъектов Российской Федерации и органов местного самоуправления;21402;0;0;0
Райффайзен Банк;3292;10;2016-01-01;Государственных внебюджетных фондов Российской Федерации;21403;0;0;0
Райффайзен Банк;3292;10;2016-01-01;Внебюджетных фондов субъектов Российской Федерации и органов местного самоуправления;21404;0;0;0
Райффайзен Банк;3292;10;2016-01-01;Финансовых организаций, находящихся в федеральной собственности;21405;0;0;0
Райффайзен Банк;3292;10;2016-01-01;Коммерческих организаций, находящихся в федеральной собственности;21406;0;0;0
Райффайзен Банк;3292;10;2016-01-01;Некоммерческих организаций, находящихся в федеральной собственности;21407;0;0;0
Райффайзен Банк;3292;10;2016-01-01;Финансовых организаций, находящихся в государственной (кроме федеральной) собственности;21408;0;0;0
Райффайзен Банк;3292;10;2016-01-01;Коммерческих организаций, находящихся в государственной (кроме федеральной) собственности;21409;0;0;0
Райффайзен Банк;3292;10;2016-01-01;Некоммерческих организаций, находящихся в государственной (кроме федеральной) собственности;21410;0;0;0
Райффайзен Банк;3292;10;2016-01-01;Негосударственных финансовых организаций;21411;633;0;633
Райффайзен Банк;3292;10;2016-01-01;Негосударственных коммерческих организаций;21412;169235;17089;186324
Райффайзен Банк;3292;10;2016-01-01;Негосударственных некоммерческих организаций;21413;0;0;0
Райффайзен Банк;3292;10;2016-01-01;Юридических лиц - нерезидентов;21414;228;237143;237371
Райффайзен Банк;3292;10;2016-01-01;Кредитных организаций;21415;63702;267;63969
Райффайзен Банк;3292;10;2016-01-01;Банков-нерезидентов;21416;0;85480;85480
Райффайзен Банк;3292;10;2016-01-01;Банка России;21417;196804;819;197623
Райффайзен Банк;3292;10;2016-01-01;Граждан Российской Федерации;21501;256415;6772;263187
Райффайзен Банк;3292;10;2016-01-01;Нерезидентов;21502;19078;1683;20761
Райффайзен Банк;3292;10;2016-01-01;Граждан Российской Федерации;21601;7195204;2352786;9547990
Райффайзен Банк;3292;10;2016-01-01;Нерезидентов;21602;226989;200156;427145
Райффайзен Банк;3292;10;2016-01-01;Граждан Российской Федерации;21701;0;0;0
Райффайзен Банк;3292;10;2016-01-01;Нерезидентов;21702;0;0;0
Райффайзен Банк;3292;10;2016-01-01;По облигациям;21801;1984890;0;1984890
Райффайзен Банк;3292;10;2016-01-01;По депозитным сертификатам;21802;0;0;0
Райффайзен Банк;3292;10;2016-01-01;По сберегательным сертификатам;21803;0;0;0
Райффайзен Банк;3292;10;2016-01-01;По векселям;21804;7124;27751;34875
Райффайзен Банк;3292;10;2016-01-01;Расходы по купле-продаже иностранной валюты в наличной и безналичной формах;22101;240630614;;240630614
Райффайзен Банк;3292;10;2016-01-01;Погашению и реализации приобретенных прав требования;22201;777947;;777947
Райффайзен Банк;3292;10;2016-01-01;Доверительному управлению имуществом;22202;0;0;0
Райффайзен Банк;3292;10;2016-01-01;Операциям с драгоценными металлами и драгоценными камнями;22203;16322;;16322
Райффайзен Банк;3292;10;2016-01-01;от реализации (уступки) прав требования по заключенным кредитной организацией договорам на предоставление (размещение) денежных средств;22204;9960185;0;9960185
Райффайзен Банк;3292;10;2016-01-01;Российской Федерации;23101;4432107;;4432107
Райффайзен Банк;3292;10;2016-01-01;Субъектов Российской Федерации и органов местного самоуправления;23102;541;;541
Райффайзен Банк;3292;10;2016-01-01;Банка России;23103;0;;0
Райффайзен Банк;3292;10;2016-01-01;Кредитных организаций;23104;97236;;97236
Райффайзен Банк;3292;10;2016-01-01;Прочих ценных бумаг;23105;97456;;97456
Райффайзен Банк;3292;10;2016-01-01;Иностранных государств;23106;3;;3
Райффайзен Банк;3292;10;2016-01-01;Банков-нерезидентов;23107;7;;7
Райффайзен Банк;3292;10;2016-01-01;Прочих ценных бумаг нерезидентов;23108;97714;;97714
Райффайзен Банк;3292;10;2016-01-01;Расходы профессиональных участников рынка ценных бумаг, связанные с приобретением и реализацией ценных бумаг (кроме расходов на консультационные и информационные услуги);23109;7083;12;7095
Райффайзен Банк;3292;10;2016-01-01;Расходы по операциям с выпущенными ценными бумагами;23201;2256;0;2256
Райффайзен Банк;3292;10;2016-01-01;Ценных бумаг (балансовый счет №70607, при составлении годовой бухгалтерской (финансовой) отчетности - балансовый счет №70707);24101;1329;;1329
Райффайзен Банк;3292;10;2016-01-01;Средств в иностранной валюте (балансовый счет №70608, при составлении годовой бухгалтерской (финансовой) отчетности - балансовый счет №70708);24102;4018768027;;4018768027
Райффайзен Банк;3292;10;2016-01-01;Драгоценных металлов (балансовый счет №70609, при составлении годовой бухгалтерской (финансовой) отчетности - балансовый счет №70709);24103;12054;;12054
Райффайзен Банк;3292;10;2016-01-01;От изменения курса ценной бумаги;24201;0;;0
Райффайзен Банк;3292;10;2016-01-01;От изменения валютного курса;24202;285571;;285571
Райффайзен Банк;3292;10;2016-01-01;От изменения индекса цен;24203;0;;0
Райффайзен Банк;3292;10;2016-01-01;От изменения других переменных;24204;0;;0
Райффайзен Банк;3292;10;2016-01-01;Расходы по производным финансовым инструментам;25101;126541102;;126541102
Райффайзен Банк;3292;10;2016-01-01;За проведение операций с валютными ценностями;25201;500;36181;36681
Райффайзен Банк;3292;10;2016-01-01;За расчетно-кассовое обслуживание и ведение банковских счетов;25202;147025;111113;258138
Райффайзен Банк;3292;10;2016-01-01;За услуги по переводам денежных средств, включая услуги платежных и расчетных систем;25203;922;0;922
Райффайзен Банк;3292;10;2016-01-01;За полученные гарантии и поручительства;25204;0;0;0
Райффайзен Банк;3292;10;2016-01-01;За оказание посреднических услуг по брокерским и аналогичным договорам;25205;115491;0;115491
Райффайзен Банк;3292;10;2016-01-01;По другим операциям;25206;3432555;1535971;4968526
Райффайзен Банк;3292;10;2016-01-01;От передачи активов в доверительное управление;25301;0;0;0
Райффайзен Банк;3292;10;2016-01-01;Отчисления в резервы на возможные потери, кроме резервов - оценочных обязательств некредитного характера;25302;138628642;;138628642
Райффайзен Банк;3292;10;2016-01-01;Прочие операционные расходы;25303;2021;351;2372
Райффайзен Банк;3292;10;2016-01-01;Расходы на оплату труда, включая премии и компенсации;26101;11094281;0;11094281
Райффайзен Банк;3292;10;2016-01-01;Налоги и сборы в виде начислений на заработную плату, уплачиваемые работодателями в соответствии с законодательством Российской Федерации;26102;2111928;0;2111928
Райффайзен Банк;3292;10;2016-01-01;Расходы, связанные с перемещением персонала (кроме расходов на оплату труда);26103;669;0;669
Райффайзен Банк;3292;10;2016-01-01;Другие расходы на содержание персонала;26104;174515;0;174515
Райффайзен Банк;3292;10;2016-01-01;По основным средствам, кроме недвижимости, временно неиспользуемой в основной деятельности;26201;1207667;;1207667
Райффайзен Банк;3292;10;2016-01-01;По основным средствам, полученным в финансовую аренду (лизинг);26202;0;;0
Райффайзен Банк;3292;10;2016-01-01;По нематериальным активам;26203;29638;;29638
Райффайзен Банк;3292;10;2016-01-01;По недвижимости, временно неиспользуемой в основной деятельности;26204;0;;0
Райффайзен Банк;3292;10;2016-01-01;Расходы по ремонту основных средств и другого имущества;26301;218427;0;218427
Райффайзен Банк;3292;10;2016-01-01;Расходы на содержание основных средств и другого имущества (включая коммунальные расходы);26302;959982;0;959982
Райффайзен Банк;3292;10;2016-01-01;Арендная плата по арендованным основным средствам и другому имуществу;26303;2706543;0;2706543
Райффайзен Банк;3292;10;2016-01-01;Плата за право пользования объектами интеллектуальной собственности;26304;1252065;25330;1277395
Райффайзен Банк;3292;10;2016-01-01;По списанию стоимости материальных запасов;26305;463332;;463332
Райффайзен Банк;3292;10;2016-01-01;По уценке основных средств;26306;69092;;69092
Райффайзен Банк;3292;10;2016-01-01;По выбытию (реализации) имущества;26307;271309;;271309
Райффайзен Банк;3292;10;2016-01-01;Подготовка и переподготовка кадров;26401;14342;0;14342
Райффайзен Банк;3292;10;2016-01-01;Служебные командировки;26402;108565;10710;119275
Райффайзен Банк;3292;10;2016-01-01;Охрана;26403;190158;0;190158
Райффайзен Банк;3292;10;2016-01-01;Реклама;26404;806629;19;806648
Райффайзен Банк;3292;10;2016-01-01;Представительские расходы;26405;9957;2345;12302
Райффайзен Банк;3292;10;2016-01-01;Услуги связи, телекоммуникационных и информационных систем;26406;824054;1971;826025
Райффайзен Банк;3292;10;2016-01-01;Судебные и арбитражные издержки;26407;162571;0;162571
Райффайзен Банк;3292;10;2016-01-01;Аудит;26408;22774;0;22774
Райффайзен Банк;3292;10;2016-01-01;Публикация отчетности;26409;0;0;0
Райффайзен Банк;3292;10;2016-01-01;Страхование;26410;1687458;0;1687458
Райффайзен Банк;3292;10;2016-01-01;Налоги и сборы, относимые на расходы в соответствии с законодательством Российской Федерации;26411;343084;3853;346937
Райффайзен Банк;3292;10;2016-01-01;Другие организационные и управленческие расходы;26412;3696406;176;3696582
Райффайзен Банк;3292;10;2016-01-01;По операциям привлечения и предоставления (размещения) денежных средств;27101;4;0;4
Райффайзен Банк;3292;10;2016-01-01;По другим банковским операциям и сделкам;27102;0;96;96
Райффайзен Банк;3292;10;2016-01-01;По прочим (хозяйственным) операциям;27103;8620;0;8620
Райффайзен Банк;3292;10;2016-01-01;По операциям привлечения и  предоставления (размещения) денежных средств;27201;14769;2088;16857
Райффайзен Банк;3292;10;2016-01-01;По другим банковским операциям и сделкам;27202;3657;5303;8960
Райффайзен Банк;3292;10;2016-01-01;По прочим (хозяйственным) операциям;27203;0;0;0
Райффайзен Банк;3292;10;2016-01-01;Платежи в возмещение причиненных убытков;27301;304;0;304
Райффайзен Банк;3292;10;2016-01-01;От списания недостач материальных ценностей;27302;1999;0;1999
Райффайзен Банк;3292;10;2016-01-01;От списания недостач денежной наличности, сумм по имеющим признаки подделки денежным знакам;27303;6;0;6
Райффайзен Банк;3292;10;2016-01-01;От списания активов (требований) и не взысканной дебиторской задолженности;27304;186959;147552;334511
Райффайзен Банк;3292;10;2016-01-01;Расходы на благотворительность и другие аналогичные расходы;27305;18227;0;18227
Райффайзен Банк;3292;10;2016-01-01;Расходы на осуществление спортивных мероприятий, отдыха, мероприятий культурно-просветительского характера и иных аналогичных мероприятий;27306;62178;298;62476
Райффайзен Банк;3292;10;2016-01-01;Расходы, возникающие как последствия чрезвычайных обстоятельств хозяйственной деятельности;27307;0;0;0
Райффайзен Банк;3292;10;2016-01-01;Другие расходы;27308;1612545;31522;1644067
Райффайзен Банк;3292;10;2016-01-01;в том числе: отчисления в резервы - оценочные обязательства некредитного характера;27309;623853;;623853
Райффайзен Банк;3292;10;2016-01-01;"Прибыль до налогообложения (символ 10000 минус строка ""Итого расходов по разделам 1-7"")";01000;;;24620365
Райффайзен Банк;3292;10;2016-01-01;"Убыток до налогообложения(строка ""Итого расходов по разделам 1-7"" минус символ 10000)";02000;;;0
Райффайзен Банк;3292;10;2016-01-01;Налог на прибыль (балансовый счет N 70611, при составлении годовой бухгалтерской (финансовой) отчетности - балансовый счет N 70711);28101;3026612;;3026612
Райффайзен Банк;3292;10;2016-01-01;Увеличение налога на прибыль на отложенный налог на прибыль (балансовый счет N70616, при составлении годовой бухгалтерской (финансовой) отчетности - балансовый счет N 70716);28102;1454698;;1454698
Райффайзен Банк;3292;10;2016-01-01;Уменьшение налога на прибыль на отложенный налог на прибыль (балансовый счет N70615, при составлении годовой бухгалтерской (финансовой) отчетности - балансовый счет N 70715);28103;0;;0
Райффайзен Банк;3292;10;2016-01-01;Итого расход по налогу на прибыль (символ 28101 плюс символ 28102 минус символ 28103);28201;4481310;;4481310
Райффайзен Банк;3292;10;2016-01-01;Итого доход по налогу на прибыль (символ 28103 минус символ 28101 минус символ 28102);28202;0;;0
Райффайзен Банк;3292;10;2016-01-01;"Всего по Главе II ""Расходы"" (разделы 1-8)";20000;4608337949;8906042;4617243991
Райффайзен Банк;3292;10;2016-01-01;Прибыль после налогообложения (символ 01000 минус символ 28101);31001;;;20139055
Райффайзен Банк;3292;10;2016-01-01;Убыток после налогообложения (символ 02000 плюс символ 28101 либо символ 28101 минус символ 01000);31002;;;0
Райффайзен Банк;3292;10;2016-01-01;Распределение между акционерами (участниками) в виде дивидендов;32001;10004522;;10004522
Райффайзен Банк;3292;10;2016-01-01;Отчисления на формирование и пополнение резервного фонда;32002;0;;0
Райффайзен Банк;3292;10;2016-01-01;Итого по разделу 2;32101;10004522;;10004522
Райффайзен Банк;3292;10;2016-01-01;Неиспользованная прибыль (символ 31001 минус символ 32101);33001;;;10134533
Райффайзен Банк;3292;10;2016-01-01;Убыток (символ 31002 плюс символ 32101 либо символ 32101 минус символ 31001);33002;;;0
